streamer,nickname,class,level,experience,popularity,image
피닉스박,박종우123,에반 / 에반,263,25353318940,218,https://avatar.maplestory.nexon.com/Character/180/EOPHIPAMMPGCLHBLENAKIGGEPOIIHMPCHHMIMBEDLLIALHBMGANGOJIJEBDEHAJGEJNHBICKMOJGCLBNMBBCHFANOLDJNGDACACIPEJAPJPHCIAGLDHPKNOKLBCHMODHFNJMNFDAEAJAGCHNCPFJHKOBCPEMHDABKPMKBOJOFEKBAKNLHNPGDNEAEEBFOGOOKOJMFPAIJIODMBKNGBLOMEEHEGDOIHOHDAKEOCDDLJFAJDJMLIIPICMNNMEMFLEI.png
여백,사제여백,마법사 / 비숍,261,1640423119328,10,https://avatar.maplestory.nexon.com/Character/180/FNFEAMPLOIFEDBINPOCIGKOFGNCEHCJPEPPMGGMNFJBAPLNJDONOHPKMNLEKBOHHFHMIGCHOOBFOHMINDFIBPKDJGNKPGFMIBBNJPNMNKMIOBEDCOHIOBNIHPFKOKNHDHOLNMDMGPLDJMDDICIGKBKDLBMICNDOOEPDPPOEHNEKJGBOPIKDDJPMPFCLEHPAHJIOPAOBCJMAOGJPHAIJCGIHNJCLBGLFDLDEKHHNEMHCEBDIDPFMBAIPELMIGKFME.png
따효니,신궁을뒤집다,궁수 / 신궁,261,630080476195,107,https://avatar.maplestory.nexon.com/Character/180/NENOOMIFKADNIPHNAJAPEBFMIDPEPFMJPJAKMBHFFKOPCEGELIDPNPOGAICNHCNLCGLGCFIKBLCHLMBDMEMJKOANLDILDHPPOHEPCCKJCKODIEDGGIKDINJBBDADKJENNHHEMIJNOCHFABFLLFIAOHNMMPOBBDPIIOMIFCBKLCPOKPIPMHHFINEAHKNIHNPJBEJJCDKJOMNGDADACAPKDHDECGKOEPLFHBPEKBDDEEKIPJDIGEBHGGLCLFNALLLN.png
김펭귄,망치왕김승민,전사 / 팔라딘,260,1354825843763,28,https://avatar.maplestory.nexon.com/Character/180/IHKOMMIGGIGBDDFBOBBDLKGAHCNBGGKOJFMHCGMGNCKJFMBABLMOCNCACEAKCGCIJBGFCCKDIHKKDHLNBIBMGAALEPPCINOEEBNPJILLAMFFFEFAKNEANFOJBBLOABOEJHBDBGHHLHIMAGOGPAPLNAEOFEENOPPCPPLDJNECELPCKEECFHIPBKNICMLGOANMBOJJOEMFJFMMBLNIBONOLNKKMJCPFNALEFIMAAHKPICCICAKEENHBAALNFBCOOBH.png
눈꽃,리부띠거주민,기사단 / 윈드브레이커,260,1240714035178,4,https://avatar.maplestory.nexon.com/Character/180/COIKKOJMEOOGKENHAMHPEIGDCMGNMKIDALFLNHIOHEPIPEKNGBGOJCBIKAOKNPODDMOLPNMDNDDEHJFMHLCNFGICCIMLDCEFLEJGOHPPFKGIMJGMHHENPKCJPOCJGBICOEEPBMCFKCJBPMPAEDPDPELIKBKKFLAPNHKCIINIGNOKOCMEBDOEJLPLBBMCABLGEKCBAJBLMPEMACNMFBBGODIFCIONFPHJNPPFLIHGJKKPBCIIPBAFGBKAAELMIMFB.png
김뿡,진우입술츄릅,레지스탕스 / 배틀메이지,260,93740376476,20,https://avatar.maplestory.nexon.com/Character/180/CLJENEGGIAAFGBMGNDMLBCLBLBEPLPNIALJABBLHBNPEIEHNEHJNHEAFGEKAECOGLIDMJJLMEEMMPOHNBNKFODPFFJNJNDJAAJJKAMEPKGDBGPGMOOJPBFFGHFGFJLNHDPHMKOFOMPGBHCHEPGMAJOHIJIJHIKFBJALJLBLCKMGAKIIBDDOEEMLOFIMIGCPADAFDHBDKGBPDCJNBNNLKKENNOHHFFCMCKMGGBGKIPCODKMNPKPGDDHIHCIHGFCHL.png
삼식,도적삼식,도적 / 나이트로드,260,15387093996,150,https://avatar.maplestory.nexon.com/Character/180/MDKLKOHHLMPFGLELAGKHPNFBDMHOGCNIHEAFPGNLDNMKBJDPKDLHFGKMKANMJFDHBLDFBHALDAPGNKCDCPMJDMGFMFKBEMCCFILOHFFAADMPFKIJNJPHOJBBBCGJKDIHDOMNLOKCMLMGABCFNLCBPKMAFDEHDGHAABNFGCLNELDNMDLFOIFNMOJILNIKEKKHIKMIMAOHLLNNBJJFNPJAPJIFLNLDOHMDIGABADBCPLEODOOBAJFMJDDCEPFEGEKN.png
김진우,로아수호대,칼리 / 칼리,257,381207751363,27,https://avatar.maplestory.nexon.com/Character/180/PMMMCGCLCKKFLPPGGPNDEFCNMPHNPNLCBMHPBAKOMNHFGPCDFOGLHKJMDMDHNDKLOCDDFEDCEJJAAODLNHCMGNECKDIBEBKENKBFBMANHFFCDEELHJBBIKKALBBHFBIPBFFDGBCHBDMBBOAGMDBBJGBHBBDEOLCHGLCNHDMDGIOPLKJPKHPBJEHHNEMDLIIBIJKILEGFOLGNHHNLEAKLIPEJFGDFAEMNEEFIDJGCKELLFOLDPAECOEELDMFFMLFK.png
끠끼,읍최미끼끼,엔젤릭버스터 / 엔젤릭버스터,257,212206910154,29,https://avatar.maplestory.nexon.com/Character/180/PPABJGFDJLPGPCGLKCBJIGEBFAJFGLJEMJGGNFOBNJAEPDJHAHDHOMINALONDNBABCMPDABGNGCGJGNIJCCEBBHMHFEPHOALGJIDCDPCFNMLMLGGNMKJLHANODLILBLGAOBIJDCOFLDADKNFFNBIFOFKCHKGCLPCHMJCNJIDKACDDKEJMEBMNINEKFJICIJIDPKMGFGJEEODDHCCMAENPDLONNMCCMLMAOOKMBJPKLFGJHBKLBDDCAGBDKOAAKOK.png
다주,핫다주,마법사 / 비숍,257,472541926,160,https://avatar.maplestory.nexon.com/Character/180/GMDLHMBKHLJLEAOJDDFOJDNIMBLANMJPKKKCAAGIJKACMPMLKMKGJMIMMIINPBIHINCBECDKDHDAGIGGDGFMNPKKJECDAJGAMJBHKKAHMCJPMCIFAIDBEOFCOKLLPOPDAIHBCBDACIELKOEJHMGCHPIHGCHOKMCLHECNDOAFDEHNOIFENCKOAIFJKFJDBELFHGDELKECAPCNGJPPKINJFBLNNPPJCFBKAPKFGMCHHHLAKCLILEEACFENMDIOCGOH.png
탬탬버린,라라점례,라라 / 라라,254,447624380978,220,https://avatar.maplestory.nexon.com/Character/180/AIHCLFGKHLEJFIPNJNILFNLGJNMMOPLLNEHKGGNGEGAJJLIEPMBGIGFGIMENGCONODEJIGEFIEBODBBPMLLDDEEBEPKFLBFHMAACBABOGHEDJBMNFDBGMFGGEHFMGJKMPBNMDNFLBFCGAAFCFLHDMLMNJEMLHDIEHJMDJLHIMOODIJDCONFPDFININAEHEKEPMFHPDPHMIANLMBFGGOMOGPMAKMLDGPLGCFLGMNDKHMEDMCNENILIJDLICJEGJGI.png
플레임,zi존은월호종,은월 / 은월,254,211085198879,7,https://avatar.maplestory.nexon.com/Character/180/NOJIBIBAAOGGMJECDGIOKPCCOBCMMOCLOBDHAGDBFBPHBKNBPCIKHMOEIBAKGLFOOOGEDLGLLCBOJIEJNHGFAFIPIIEFLLODIHHMKFNJIHNJKGPIHIJJPJMHICJBBHELHBNMNLBFKGBDLABCOKKBGEFBFBMBDPNLNPNKADPKLCABOCCGBIKNFLMABBNAIFCOHMKAGBEPNPBIPFBBILMFGKPFDHEOPDDKPEMDIALEOJGNOJNMOMOKFODJOIHFJELD.png
뇨롱,아이돌뇨롱이,엔젤릭버스터 / 엔젤릭버스터,251,427123388774,46,https://avatar.maplestory.nexon.com/Character/180/KFHNADKFLKHHBOHMGMENHEKKEJHBCNIMIFNGKOOHEIMEFGDGOGJEHAIMBONEENIIGDNEGCLLBCDFKOFNOJMNANLLKEJJOLHAMHLIHGEPPGHNNPEJLHAFOPGPHCFDIDEIGFGJAOCKIPCIKEMJMHCOECFFDGCBPLHNKBNHGEKLOMDHFGMDBNGPDPDABMNNJKGAGBAEFNAAHHNLCKNGLNKPFPGEGCHJENBDGDPHFGGEHGCEBFMFAANCHBJNNMHAFDJK.png
금사향,금옥분여사,칼리 / 칼리,251,83415247771,10,https://avatar.maplestory.nexon.com/Character/180/NDKBCOJGKEPFLGNANNLOLHLMELHNAOAPONBDBFPGNHBCLMMCFHFDKPAHEAGOJFHJIHFPNJPDMJDIFKJLMDEHDLMKKCAJJKAODLENKOOJHNBMHNHKIFCENAHMLELPLGMNIEDBMPJHNADOAJJGDMIPPILIKJLNLAJFJKGJFLFPDAFNGNJBOADMEDAHJPIHHKFLJKHEBGNCDMFPPDAFOBCICCKPFBENFNFIFAFGNDPBDJHFAOIOIOKEALJFCLPMJBNP.png
괴물쥐,DEX중독,레지스탕스 / 메카닉,251,76392888528,-74,https://avatar.maplestory.nexon.com/Character/180/OPIPJHGAPLEKPIEOCHBPELHLMGFDFHENFPFAJIHCIBPIDNJECPLBKGIMDBJNGILNEPHMILDLFIIFGFBKIDOOPBKGACCAEIKJMOMDCJLOIIAPEDIHGLCPJGELBACPLLBINJKHFKNKLBAEOCEJPJLKGAKDLLGDAENANKLGIBKLDKPKCEEADFCCPBNFIPHNKGNJPJAGPKILOAEEOGADMOJPPCPDNFKAPGKNGMMMCJPHNMDBFNBPDKKMLJJDALCDLPLF.png
슥균맨,달의사자캐럿,엔젤릭버스터 / 엔젤릭버스터,251,43225754928,1,https://avatar.maplestory.nexon.com/Character/180/LOIEDEFECIDCPEHJBJNAPGMCOCLJAIFONEGBIFGCJKADCGAOFIFKANLHMALECKOIMGEMCABPECBIFDFGIBDDHBCALEGCKFICJDLAJEEOOMFBHJNFJNJHCAANEEKDHIPCPNPENPIIDDAAGALALMDJOIACDCJALGDCOMGCHKJLCECMHBIADKAMELGMAMKBIIIPCKKCGAGMPBENDNLAKOPDHCMFHHMMAPEHFGDEKDDEOOJJJLAIPONNCFLHHAIPBMDH.png
한동숙,으뜸기사,기사단 / 미하일,248,230537109917,171,https://avatar.maplestory.nexon.com/Character/180/IIFLKNDKGEAOONGAAMIJOGDIIDFEFCJJCOBCPPHIOCOMBHPGDCMKOBCCFNMIFMMKHCJOJJMILKOFBIOIPOKKEJKBCPAEJAJCMPJPHGDGADICMPIOOFJNFBPEKFIILJHJDOJPCKLPNPAAEIELIELLEMBNFLFNJKDABKCLMJEACKFPLIANOMKMMFBJEKIHNNEMEPMCMJFKPAGOABDBKOKPMKJPBBDLNEOJLFBLHLBPHOLEHHMNBNFJAADOHEDFKPHA.png
망개,망뭉이해주께,라라 / 라라,248,351088764,36,https://avatar.maplestory.nexon.com/Character/180/ALAAIHEGMOECOBADHBKICIJPFBHFLDFDIICPLDDOPMJHABJJIMNIGOGCBDPEDALAHDJLHMLLMAJHDOLGEJIHKPAPBJGLELGHKENCGJCAPCDGDIFJBJMACLOFDIOHEOBPLMNOCKPDLMMODCCMKPKINDMFBBFHDBCNBMKNOJPEBOCADAABKGILGBEMAIMGDDBLLAINJGFAGKGNCMCLINGJFNGFPGHLCHOEJMAFDENFOOCAIKAAEJHFPAGIHGPFHLOB.png
만득,만득아님,은월 / 은월,242,20091165211,4,https://avatar.maplestory.nexon.com/Character/180/JHCODGGKMLONOKEFKAOCPNBMGCCGOBHNBOFMDIJDPGGODJAOIBNNDCOOBFIOBJPADKLIJEHCHBKIMCCGHPKHOLMHABLNNJNDINHEPENOOBJJKMMMFJHDILFKAADPEKNGEONKICFDCKLMLCILICMEACKOCEHDHFJLGBPEMALDCELNIOILGOFCECCIPEEBKEPNNEPJGPHONNNEAFIOJHAAHFLHBMMMGLADBANPOJEEILCAHMHOAOLFOLLBALNNMADG.png
도현,z자므도z,카데나 / 카데나,239,6904391589,8,https://avatar.maplestory.nexon.com/Character/180/CDGKPFMHEMIHBGEIKGJHOLOAMFFDLCKOACENCIHKPNCNMFBFEBNIKKHNLHKOPCANJCKLCABGKEEKMLAAAMNOAJDOAJPDAGKGPDIGONIIOAFCGEPMCOCJOBDIPPJNOEEGPBNMCCPOJLMMOBJDNFKGNJEFDMFCNMPAJJMFDPACJHNJIKIOAAOEBNGCGOGLJLJPGLIMJKHBHMJAPGLLIIPNHAMFJMJIDEIOKHOOGOHGCAODJAKEFEDBGNBKJEMIPEDH.png
임나은,임나움,마법사 / 비숍,236,112503062331,7,https://avatar.maplestory.nexon.com/Character/180/LJABJGNHNGFKEKILDIILBANAEMNBKGINLLNGCJEFBCPHBMGAHPJOIGNBEHKFLAKGGJDAMJBCOHPLNCCGFMLDHCIOBECNPBCGPNIJMJCHMLOMJGHPFMMPEJNFFJANELEANCJFHNHEBJBGGNDADIKOEDDNPHBAMAGHDEOOADFNBKEGGGLGCEMPPIDODDFGMJKCHKPMKFKOBLBCLGKLEBMBAKKIJBKGKPCCMCCNDOPIJPGJEPODLMKDEGPMDFPIBOIH.png
마뫄,긴마뫄,기사단 / 윈드브레이커,233,31212814398,28,https://avatar.maplestory.nexon.com/Character/180/CEPKFAJPBMAKGNOMCFNCIEKLEEDDJOFBDGJLAEDEIPEGMIKJAPNKKHOBKDMLKLPBONLHGDPOLMKCCEANEDFBCALCPPPODHCNBKNBGGBEACPPICNNIFEMMLBPFMPIAPHKPNGMHFALBCNJKDCJDNDLEJMLJKKOMFHLAGBGOANFNADBNEAKCLOINPFFGIFMLBCCALENPCCAGCCNIIIJIIPLHPOGHKOFLDMJFKOLOIPALLMINKLLKMKALMDDPCLHOHAB.png
허니츄러스,허츄7일신곡,엔젤릭버스터 / 엔젤릭버스터,230,64854388684,23,https://avatar.maplestory.nexon.com/Character/180/NEOFBCBNBIILIFIMNMNFIFHIJFCNHINOJHOBFPLEJOBPMBHIBJFHCINEPABBCDFGMEEHLOGIAJOLBCGDNJHHHNPCMILPGNONHGLONAOELAMFMFCKEBCPCMHIELHNAOCJAGFFKJHBHIPAGOPAPNLCDNMGNFEKINFPFCMFMCGHDGMGIJGGGKLPHOCJLMGPGAABKDDALKOJCNGICFOFMCECJGCIOKLEOEIOBGKFMABDDLNFBALDCCPCCKBEOKLCBJBK.png
스나랑,반갑나랑,카인 / 카인,230,44651669509,4,https://avatar.maplestory.nexon.com/Character/180/AKHODIACFAFIJIMHGFNFPOLIIAMLPIIICEEGMFHJGLPLHLIPGKPKLGEJMGJHDJOBIOCAEHJLMAJGAKLENKDBELJIACEDDBJEBHJLBPAJLGNICOKFPMIKACEMJHEHIFNFNLIJPMBGGAFOAEHABPIOHFAKIEIFOFHCPHDBKGPGLPDMOOFCIHHHFCANLACGJFLNCAEECBGCLIGNOEDNDFHMDNNOPKAEDPDFGHCOOBHNEKPLHKGFJNFAOOPICLFPLCBJ.png
쌍베,미시마쌍베,도적 / 듀얼블레이더,230,39406732367,8,https://avatar.maplestory.nexon.com/Character/180/GPOGKKCEJMGPIEMKFOOOECFIIBGDBJIFNHJBLBMPJPNLNFGBFJCKMLDBDEJDNDONJNHAPNKGCBDECLOFBNGBOCGJEKHKGHCCFEAIIDFKHIBBPFPHDFIHABEIFLNCGNCBOFMHKFOHCALJNFGNJDBECBPEIEAKBAOPIKMNHIHEJHCPAFGCKBMHHLDHMMBJGICJLAMCLBMCEGJPKDFKDBCAMHLHGBCLJMDPAHAGDDFOOHIJJMCMGMJNINCBOBBANIAD.png
감블러,제트레이즈,기사단 / 소울마스터,230,37851091362,2,https://avatar.maplestory.nexon.com/Character/180/FNBGADGJHNFHNMIFKLCNHJENLPEMMKPNFAOGCEJAGDOLGAANBBPBKONKJBPNKGJAGFEDAKAALJBDAHKFJFEHLMBPKEFHNBDLIEAPDCHOJNBJJFOGDKKMNNKGBMECDFDEDFGLCFFBOIOGJJMJDMINGIELENJKDOOCECLEFOPPPOGDOGPBMFMBAOLHCLNLOAILGMHFHHPCBFIIFAGMNLLCKJPNGKFAOMGBCAPOGNLNMBMPONGDOCHLOMJCKELKMKDP.png
강지,잠꾸러기강지,궁수 / 패스파인더,230,34735558,27,https://avatar.maplestory.nexon.com/Character/180/GFJGANPOOBJDDAFDFIHKMNOGNDMGBEMKAFGLPCFDCOOHFIELAGMBDHGAKBFHMLFKEMOPAJMOOEEKOIHDBIKLGPOKJBEEFAIDFNDJCCKEIDEIGIHCBFOOAAKPPCIPMFONBFGEDLLLOIPFOOHDNDHJEDFDGCBHMDIMCCHJKIJMKFJAGEACAAEOJJKNKJFMKNIFOPACEDKKFBCMPKNJBEJKGAFBCCCLICHLEINBBGPGHLNIFLHGNOAEKKMFFJCBPCDI.png
이춘향,춘스터콜,"마법사 / 아크메이지(썬,콜)",227,16034234413,24,https://avatar.maplestory.nexon.com/Character/180/EPJCPKPFJHGJCHIDBCAFNBMPGJKDIKFHFFGEJDAAOEEMFEMCHMIJNAFNEAPOPMJGEIGKOPOFAJNENDCNHFJGLFJOOIAMBJDPEGAJFCMPECIMGMMODBGNHMHPCHIDKCNPEBJFDMCLJPKCBDPFCFFODLHHPELEAFEHFKGLCBCNHBNJCIBAPCGCPJDMJILLMJFOAJIAMFJHJHNBEAHCGPEHKLFOCPEMOBPDLHFPKAKMPAAKMBJFPONGLCOCKKAOOGEF.png
러너,얼짱러너,기사단 / 소울마스터,227,1209103133,16,https://avatar.maplestory.nexon.com/Character/180/HIMMFCBMPGPFNLNHCPIDDHKOCAGPFFCNGAKFODPOOCCMDCKKGPDCJAEKILHOCBPDIKJJCPHNBAOFLBIBFFPGFKJNEEPJFOIBHDOLBDNMLBMEBPADKDGCBPIKOMIEECNDHIEFFMEDLJFNCLGPDOJMJGDFHKHAKLHFPBHJBMIFGOHKLLLCDJLCCLPHCMHIHMEHMADOHEKICMJBDGMGMNKGGAMPPOHMFGBKDICILHOCJGCKNJCDAGJIBIKEGPMPODFB.png
견자희,견미옥여사,전사 / 팔라딘,218,14924701597,8,https://avatar.maplestory.nexon.com/Character/180/NDMGDHHNHBCBLNOEDAHCAGLAKCDENANGMHHIFGFEKNGMMMEIPLNGBAJKLONOBOHJLMKDKCNJOIGJDAEKFNGAJODEAJAMPANAHIIPGBJGABEOAANCKEECJAAFCNAPEFGNFMBHHDGKHBMKKNABPMCPELENCOJCCKNBGNMEIBBHMOKODENGNAMKPJNCEMFIGLIINPJIMBLMHFLAJEIGGBALFHPLCIOLLDBHFEAMPEPECOKKKJNPIKDBDLMCLLOEPIIF.png
삐부,삡이퍼,해적 / 바이퍼,215,6799983336,3,https://avatar.maplestory.nexon.com/Character/180/NPMBMFJICLCGCGHGAGLNKALJHDLLBBPPLCLIGGPPGKKIDODHLBAKDPGJJLLIPBGEMDHNBBDBFKLJOAAGMLGJEGPFDANOOIOIFKAMIJDFGAOAHGCFJOPIEFBKFILPHMLLJMDCOHJBFIFLLKCDKBOBONNBIPFICMNOCOGGIFEOMELLECAPPLOGPCIOIEHGKBPPLCKAJOPIMPKIBJDDAALFDPKNENLAAMFOLALODPMFLEDBFICBIHGANCOFGDDOHKBC.png
이초홍,뻑뻑초,레지스탕스 / 와일드헌터,214,1674558031,0,https://avatar.maplestory.nexon.com/Character/180/HPADNFNOJKJFFJDMMBCABJNPANNMBOJICPPKDDICGMLACNGBPIFMJACDJCPGEHACHHDFKFDAMLNPJMOCPCDDFOFJMKJACBGELAPFODHFOLMNJCGLENCNJHMPLDHMGIEBKDBOFAGLPKCDOLMMPJGBEGLHCEBOPHNPKAIOMMCIEHNIGBDLKFCEFKBBDDNNAFPJFHENMJOLCKCADJFBPENHPGOFHJDONLHEDACMAHOCLAIKAKOEDLCJPAKKIDHKCEGG.png
양아지,퍼리퍼리최고,라라 / 라라,101,590308,2,https://avatar.maplestory.nexon.com/Character/180/EBIDIKHCADPNKJOPDPMJEFDBFGNAGFDKCCCGCMFILGLGKDFPOIJMIJIBNINEPBOICDONDLMCJNIGLLCHBOKCBHIHMDAPHINKMMJNFDPBHDPJLBIEGHIKIFAJJJDALOEBMFFNNCIABPDFDBDEHPAHKNHFHPHFEDGOEBMEOFHMFEFEDJGFAFJLHEIIFGBFMEIKCPNMCHFDNAPPMPJAHBEPPHGMOJDNBOHFIANLBIMKJJLHINMFDHPCKJMDHILNLGKI.png
